{"showCoverPage":true,"bookCover":{"coverDescription":"<p style=\"text-align:center;\">EDUCATIONAL ASSESSMENT AND EXAMINATIONS SERVICE (EAES)<\/p><p style=\"text-align:center;\">ETHIOPIAN SECONDARY SCHOOL LEAVING CERTIFICATE EXAMINATION (ESSLCE)<\/p><p style=\"text-align:center;\">PHYSICS, HAMLIE 2015 E.C \/ JULY 2023<\/p><p style=\"text-align:center;\"><strong>TIME ALLOWED: 2 HOURS \/ NUMBER OF QUESTIONS: 50<\/strong><\/p>"},"chapters":[{"params":{"content":[{"useSeparator":"auto","content":{"params":{"media":{"disableImageZooming":false},"answers":[{"correct":false,"tipsAndFeedback":{"tip":"","chosenFeedback":"","notChosenFeedback":""},"text":"<div>Newton\/Coulomb<\/div>"},{"correct":true,"tipsAndFeedback":{"chosenFeedback":"<div>The correct answer is <strong>Joule\/Coulomb<\/strong>.<\/div><div>&nbsp;<\/div><div><strong>Understanding Electric Field Strength (E)<\/strong><\/div><div>Think of electric field strength as a measure of how strong the electric force is at a certain point in space. We have two main ways to define and measure it:<\/div><div><strong>In terms of Force:<\/strong> The most basic definition of electric field strength (E) is the <strong>force (F)<\/strong> experienced by a <strong>charge (q)<\/strong>.<\/div><div>Formula: <em><strong>E=qF\u200b<\/strong><\/em><\/div><div>Units: The unit of force is the <strong>Newton (N)<\/strong> and the unit of charge is the <strong>Coulomb (C)<\/strong>.<\/div><div>Therefore, a valid unit for electric field strength is <strong>Newton\/Coulomb (N\/C)<\/strong>.<\/div><div>&nbsp;<\/div><div><strong>In terms of Potential:<\/strong> Electric field strength is also defined as the change in <strong>electric potential (V)<\/strong> over a certain <strong>distance (d)<\/strong>.<\/div><div>Formula: <em><strong>E=dV\u200b<\/strong><\/em><\/div><div>Units: The unit of electric potential is the <strong>Volt (V)<\/strong> and the unit of distance is the <strong>meter (m)<\/strong>.<\/div><div>Therefore, a valid unit for electric field strength is <strong>Volt\/meter (V\/m)<\/strong>.<\/div>","tip":"","notChosenFeedback":"<div>he correct answer is <strong>Joule\/Coulomb<\/strong>.<\/div><div>&nbsp;<\/div><div><strong>Understanding Electric Field Strength (E)<\/strong><\/div><div>Think of electric field strength as a measure of how strong the electric force is at a certain point in space. We have two main ways to define and measure it:<\/div><div><strong>In terms of Force:<\/strong> The most basic definition of electric field strength (E) is the <strong>force (F)<\/strong> experienced by a <strong>charge (q)<\/strong>.<\/div><div>Formula: <em><strong>E=qF\u200b<\/strong><\/em><\/div><div>Units: The unit of force is the <strong>Newton (N)<\/strong> and the unit of charge is the <strong>Coulomb (C)<\/strong>.<\/div><div>Therefore, a valid unit for electric field strength is <strong>Newton\/Coulomb (N\/C)<\/strong>.<\/div><div>&nbsp;<\/div><div><strong>In terms of Potential:<\/strong> Electric field strength is also defined as the change in <strong>electric potential (V)<\/strong> over a certain <strong>distance (d)<\/strong>.<\/div><div>Formula: <em><strong>E=dV\u200b<\/strong><\/em><\/div><div>Units: The unit of electric potential is the <strong>Volt (V)<\/strong> and the unit of distance is the <strong>meter (m)<\/strong>.<\/div><div>Therefore, a valid unit for electric field strength is <strong>Volt\/meter (V\/m)<\/strong>.<\/div>"},"text":"<div>Joule\/Coulomb<\/div>"},{"correct":false,"tipsAndFeedback":{"tip":"","chosenFeedback":"","notChosenFeedback":""},"text":"<div>Volt\/meter<\/div>"},{"correct":false,"tipsAndFeedback":{"tip":"","chosenFeedback":"","notChosenFeedback":""},"text":"<div>Joule\/(Coulomb x meter)<\/div>"}],"overallFeedback":[{"from":0,"to":100}],"behaviour":{"enableRetry":true,"enableSolutionsButton":true,"enableCheckButton":true,"type":"auto","singlePoint":false,"randomAnswers":true,"showSolutionsRequiresInput":true,"confirmCheckDialog":false,"confirmRetryDialog":false,"autoCheck":false,"passPercentage":100,"showScorePoints":true},"UI":{"checkAnswerButton":"Check","submitAnswerButton":"Submit","showSolutionButton":"Show solution","tryAgainButton":"Retry","tipsLabel":"Show tip","scoreBarLabel":"You got :num out of :total points","tipAvailable":"Tip available","feedbackAvailable":"Feedback available","readFeedback":"Read feedback","wrongAnswer":"Wrong answer","correctAnswer":"Correct answer","shouldCheck":"Should have been checked","shouldNotCheck":"Should not have been checked","noInput":"Please answer before viewing the solution","a11yCheck":"Check the answers. The responses will be marked as correct, incorrect, or unanswered.","a11yShowSolution":"Show the solution. The task will be marked with its correct solution.","a11yRetry":"Retry the task. Reset all responses and start the task over again."},"confirmCheck":{"header":"Finish ?","body":"Are you sure you wish to finish ?","cancelLabel":"Cancel","confirmLabel":"Finish"},"confirmRetry":{"header":"Retry ?","body":"Are you sure you wish to retry ?","cancelLabel":"Cancel","confirmLabel":"Confirm"},"question":"<p><strong>1. Which one of the following units is NOT a possible unit of electric field strength?<\/strong><\/p>"},"library":"H5P.MultiChoice 1.16","metadata":{"contentType":"Multiple Choice","license":"U","title":"1"},"subContentId":"b5486de6-1d98-4442-9af4-560d305cb354"}},{"content":{"params":{"media":{"disableImageZooming":false},"answers":[{"correct":false,"tipsAndFeedback":{"tip":"","chosenFeedback":"","notChosenFeedback":""},"text":"<div>There is no a single magnetic North or magnetic South Pole.&nbsp;<\/div>"},{"correct":false,"tipsAndFeedback":{"tip":"","chosenFeedback":"","notChosenFeedback":""},"text":"<div>Magnetic dipoles of a material aligned parallel when the magnetic material is placed in an external magnetic field.<\/div>"},{"correct":true,"tipsAndFeedback":{"chosenFeedback":"<div>The correct answer is <strong>Magnetic molecules in a magnet will align when they are heated or hammered.<\/strong><\/div><div>This statement is incorrect. The magnetic properties of a material depend on the alignment of its internal \"magnetic dipoles.\"<\/div><div>&nbsp;<\/div><div><strong>Heating or Hammering:<\/strong> This action adds energy to the material. This energy causes the magnetic dipoles to vibrate and move chaotically, destroying their parallel alignment. Instead of aligning, they become randomly oriented, which weakens or destroys the magnetism. This process is known as <strong>demagnetization<\/strong>.<\/div><div>&nbsp;<\/div><div>Why the Other Statements Are Correct:<\/div><div>&nbsp;<\/div><div><strong>- There is no a single magnetic North or magnetic South Pole:<\/strong> This is a fundamental law. Magnetic poles always exist in pairs. If you cut a magnet, you get two smaller magnets, each with a North and South pole.<\/div><div>&nbsp;<\/div><div><strong>- Magnetic dipoles of a material aligned parallel...in an external magnetic field:<\/strong> This correctly describes how a material becomes magnetized. The external field forces the internal dipoles to line up in the same direction.<\/div><div>&nbsp;<\/div><div><strong>- Magnetic molecules (dipoles) are oriented randomly when a material loses its magnetism:<\/strong> This is the definition of a demagnetized state. The random orientation causes the individual magnetic fields to cancel each other out.<\/div>","tip":"","notChosenFeedback":"<div>The correct answer is <strong>Magnetic molecules in a magnet will align when they are heated or hammered.<\/strong><\/div><div>This statement is incorrect. The magnetic properties of a material depend on the alignment of its internal \"magnetic dipoles.\"<\/div><div>&nbsp;<\/div><div><strong>Heating or Hammering:<\/strong> This action adds energy to the material. This energy causes the magnetic dipoles to vibrate and move chaotically, destroying their parallel alignment. Instead of aligning, they become randomly oriented, which weakens or destroys the magnetism. This process is known as <strong>demagnetization<\/strong>.<\/div><div>&nbsp;<\/div><div>Why the Other Statements Are Correct:<\/div><div>&nbsp;<\/div><div><strong>- There is no a single magnetic North or magnetic South Pole:<\/strong> This is a fundamental law. Magnetic poles always exist in pairs. If you cut a magnet, you get two smaller magnets, each with a North and South pole.<\/div><div>&nbsp;<\/div><div><strong>- Magnetic dipoles of a material aligned parallel...in an external magnetic field:<\/strong> This correctly describes how a material becomes magnetized. The external field forces the internal dipoles to line up in the same direction.<\/div><div>&nbsp;<\/div><div><strong>- Magnetic molecules (dipoles) are oriented randomly when a material loses its magnetism:<\/strong> This is the definition of a demagnetized state. The random orientation causes the individual magnetic fields to cancel each other out.<\/div>"},"text":"<div>Magnetic molecules in a magnet will align when they are heated or hammered.<\/div>"},{"correct":false,"tipsAndFeedback":{"tip":"","chosenFeedback":"","notChosenFeedback":""},"text":"<div>Magnetic molecules (dipoles) are oriented randomly when a material loses its magnetism.<\/div>"}],"overallFeedback":[{"from":0,"to":100}],"behaviour":{"enableRetry":false,"enableSolutionsButton":true,"enableCheckButton":true,"type":"auto","singlePoint":false,"randomAnswers":true,"showSolutionsRequiresInput":true,"confirmCheckDialog":false,"confirmRetryDialog":false,"autoCheck":false,"passPercentage":100,"showScorePoints":true},"UI":{"checkAnswerButton":"Check","submitAnswerButton":"Submit","showSolutionButton":"Show solution","tryAgainButton":"Retry","tipsLabel":"Show tip","scoreBarLabel":"You got :num out of :total points","tipAvailable":"Tip available","feedbackAvailable":"Feedback available","readFeedback":"Read feedback","wrongAnswer":"Wrong answer","correctAnswer":"Correct answer","shouldCheck":"Should have been checked","shouldNotCheck":"Should not have been checked","noInput":"Please answer before viewing the solution","a11yCheck":"Check the answers. The responses will be marked as correct, incorrect, or unanswered.","a11yShowSolution":"Show the solution. The task will be marked with its correct solution.","a11yRetry":"Retry the task. Reset all responses and start the task over again."},"confirmCheck":{"header":"Finish ?","body":"Are you sure you wish to finish ?","cancelLabel":"Cancel","confirmLabel":"Finish"},"confirmRetry":{"header":"Retry ?","body":"Are you sure you wish to retry ?","cancelLabel":"Cancel","confirmLabel":"Confirm"},"question":"<p><strong>2. Which one of the following statements does NOT describe the magnetic nature of a material?<\/strong><\/p>"},"library":"H5P.MultiChoice 1.16","metadata":{"contentType":"Multiple Choice","license":"U","title":"2"},"subContentId":"1383ac8f-a32f-4b41-9b28-9b762d2773fb"},"useSeparator":"auto"},{"content":{"params":{"media":{"disableImageZooming":false},"answers":[{"correct":false,"tipsAndFeedback":{"tip":"","chosenFeedback":"","notChosenFeedback":""},"text":"<div>N-type semiconductor is made from half-filled shell atoms doped with accepter atoms.<\/div>"},{"correct":false,"tipsAndFeedback":{"tip":"","chosenFeedback":"","notChosenFeedback":""},"text":"<div>P-type semiconductors have holes as minority charge carriers in the crystal lattice of the material.<\/div>"},{"correct":true,"tipsAndFeedback":{"chosenFeedback":"<div>The correct answer is \"<strong>The majority charge carriers in N-type semiconductors are electrons due to doping\".<\/strong><\/div><div>&nbsp;<\/div><div>This statement is correct. Here's a breakdown of the core concept:<\/div><div><strong>N-type (Negative-type) semiconductors<\/strong> are created by a process called doping, where a pure semiconductor (like silicon, which has 4 valence electrons) is mixed with a small amount of a <strong>pentavalent<\/strong> element (an element with 5 valence electrons, like phosphorus).<\/div><div class=\"source-inline-chip-container ng-star-inserted\">&nbsp;<\/div><div>Four of the five valence electrons from the phosphorus atom form bonds with the silicon atoms. The fifth electron is left over and is free to move throughout the crystal.<\/div><div class=\"source-inline-chip-container ng-star-inserted\">&nbsp;<\/div><div>These abundant, free electrons become the primary means of conducting electricity. Therefore, they are the <strong>majority charge carriers<\/strong>.<\/div><div>&nbsp;<\/div><div><em><strong>Why the Other Statements Are Incorrect:<\/strong><\/em><\/div><div>&nbsp;<\/div><div><strong>N-type semiconductor is made from ... doped with accepter atoms:<\/strong> This is incorrect. N-type semiconductors are doped with <strong>donor<\/strong> atoms (which donate electrons). <strong>Acceptor<\/strong> atoms are used to create P-type semiconductors.<\/div><div class=\"source-inline-chip-container ng-star-inserted\">&nbsp;<\/div><div><strong>P-type semiconductors have holes as minority charge carriers...:<\/strong> This is incorrect. In P-type semiconductors, electron-deficient \"holes\" are intentionally created and are, by definition, the <strong>majority<\/strong> charge carriers.<\/div><div>&nbsp;<\/div><div><strong>When atoms with half-filled electrons are doped with atoms of five valance electrons, the majority charge carriers are holes:<\/strong> This is incorrect. Doping with five-valence-electron atoms creates an N-type semiconductor, in which the majority charge carriers are <strong>electrons<\/strong>, not holes.<\/div>","tip":"","notChosenFeedback":"<div>The correct answer is \"<strong>The majority charge carriers in N-type semiconductors are electrons due to doping\".<\/strong><\/div><div>&nbsp;<\/div><div>This statement is correct. Here's a breakdown of the core concept:<\/div><div><strong>N-type (Negative-type) semiconductors<\/strong> are created by a process called doping, where a pure semiconductor (like silicon, which has 4 valence electrons) is mixed with a small amount of a <strong>pentavalent<\/strong> element (an element with 5 valence electrons, like phosphorus).<\/div><div class=\"source-inline-chip-container ng-star-inserted\">&nbsp;<\/div><div>Four of the five valence electrons from the phosphorus atom form bonds with the silicon atoms. The fifth electron is left over and is free to move throughout the crystal.<\/div><div class=\"source-inline-chip-container ng-star-inserted\">&nbsp;<\/div><div>These abundant, free electrons become the primary means of conducting electricity. Therefore, they are the <strong>majority charge carriers<\/strong>.<\/div><div>&nbsp;<\/div><div><em><strong>Why the Other Statements Are Incorrect:<\/strong><\/em><\/div><div>&nbsp;<\/div><div><strong>N-type semiconductor is made from ... doped with accepter atoms:<\/strong> This is incorrect. N-type semiconductors are doped with <strong>donor<\/strong> atoms (which donate electrons). <strong>Acceptor<\/strong> atoms are used to create P-type semiconductors.<\/div><div class=\"source-inline-chip-container ng-star-inserted\">&nbsp;<\/div><div><strong>P-type semiconductors have holes as minority charge carriers...:<\/strong> This is incorrect. In P-type semiconductors, electron-deficient \"holes\" are intentionally created and are, by definition, the <strong>majority<\/strong> charge carriers.<\/div><div>&nbsp;<\/div><div><strong>When atoms with half-filled electrons are doped with atoms of five valance electrons, the majority charge carriers are holes:<\/strong> This is incorrect. Doping with five-valence-electron atoms creates an N-type semiconductor, in which the majority charge carriers are <strong>electrons<\/strong>, not holes.<\/div>"},"text":"<div>The majority charge carriers in N-type semiconductors are electrons due to doping.<\/div>"},{"correct":false,"tipsAndFeedback":{"tip":"","chosenFeedback":"","notChosenFeedback":""},"text":"<div>When atoms with half-filled electrons are doped with atoms of five valance electrons, the majority charge carriers are holes.<\/div>"}],"overallFeedback":[{"from":0,"to":100}],"behaviour":{"enableRetry":false,"enableSolutionsButton":true,"enableCheckButton":true,"type":"auto","singlePoint":false,"randomAnswers":true,"showSolutionsRequiresInput":true,"confirmCheckDialog":false,"confirmRetryDialog":false,"autoCheck":false,"passPercentage":100,"showScorePoints":true},"UI":{"checkAnswerButton":"Check","submitAnswerButton":"Submit","showSolutionButton":"Show solution","tryAgainButton":"Retry","tipsLabel":"Show tip","scoreBarLabel":"You got :num out of :total points","tipAvailable":"Tip available","feedbackAvailable":"Feedback available","readFeedback":"Read feedback","wrongAnswer":"Wrong answer","correctAnswer":"Correct answer","shouldCheck":"Should have been checked","shouldNotCheck":"Should not have been checked","noInput":"Please answer before viewing the solution","a11yCheck":"Check the answers. The responses will be marked as correct, incorrect, or unanswered.","a11yShowSolution":"Show the solution. The task will be marked with its correct solution.","a11yRetry":"Retry the task. Reset all responses and start the task over again."},"confirmCheck":{"header":"Finish ?","body":"Are you sure you wish to finish ?","cancelLabel":"Cancel","confirmLabel":"Finish"},"confirmRetry":{"header":"Retry ?","body":"Are you sure you wish to retry ?","cancelLabel":"Cancel","confirmLabel":"Confirm"},"question":"<p><strong>3. Which one of the following statements is correct about conduction in semiconductors?<\/strong><\/p>"},"library":"H5P.MultiChoice 1.16","metadata":{"contentType":"Multiple Choice","license":"U","title":"3"},"subContentId":"56afdd26-bb09-4656-abbc-1a107f654b5a"},"useSeparator":"auto"},{"content":{"params":{"media":{"disableImageZooming":false},"answers":[{"correct":false,"tipsAndFeedback":{"tip":"","chosenFeedback":"","notChosenFeedback":""},"text":"<div>12.0 m&nbsp;<\/div>"},{"correct":false,"tipsAndFeedback":{"tip":"","chosenFeedback":"","notChosenFeedback":""},"text":"<div>9.0 m<\/div>"},{"correct":false,"tipsAndFeedback":{"tip":"","chosenFeedback":"","notChosenFeedback":""},"text":"<div>4.5 m<\/div>"},{"correct":true,"tipsAndFeedback":{"chosenFeedback":"<div>The correct answer is <strong>6.0&nbsp;m<\/strong><\/div><div>&nbsp;<\/div><div>Explanation<\/div><div>This question is a direct application of the \\textbf{inverse-square law} for sound intensity.<\/div><div>&nbsp;<\/div><div>1. Quick Conceptual Method<\/div><div>The inverse-square law states that sound intensity \\( I \\) from a spherical source is inversely proportional to the square of the distance \\( r \\):<\/div><div>\\[<br>I \\propto \\frac{1}{r^2}<br>\\]<\/div><div>If the intensity becomes one-fourth:<\/div><div>\\[<br>I_2 = \\frac{1}{4} I_1<br>\\]<\/div><div>Then the distance must increase by:<\/div><div>\\[<br>\\sqrt{4} = 2<br>\\]<\/div><div>So, double the original distance:<\/div><div>\\[<br>\\text{Original distance} = 3.0 \\, \\text{m}<br>\\]<br>\\[<br>\\text{New distance} = 2 \\times 3.0 \\, \\text{m} = 6.0 \\, \\text{m}<br>\\]<\/div><div>&nbsp;<\/div><div><strong>2. Step-by-Step Mathematical Method<\/strong><\/div><div>Let:<br>- \\( I_1 = 5 \\, \\text{W\/m}^2 \\)<br>- \\( r_1 = 3.0 \\, \\text{m} \\)<br>- \\( I_2 = \\frac{1}{4} I_1 \\)<br>- \\( r_2 = ? \\)<\/div><div>Use the inverse-square law:<\/div><div>\\[<br>I_1 \\cdot r_1^2 = I_2 \\cdot r_2^2<br>\\]<\/div><div>Substitute \\( I_2 = \\frac{1}{4} I_1 \\):<\/div><div>\\[<br>I_1 \\cdot r_1^2 = \\left( \\frac{1}{4} I_1 \\right) \\cdot r_2^2<br>\\]<\/div><div>Cancel \\( I_1 \\) from both sides:<\/div><div>\\[<br>r_1^2 = \\frac{1}{4} r_2^2<br>\\]<\/div><div>Multiply both sides by 4:<\/div><div>\\[<br>4 \\cdot r_1^2 = r_2^2<br>\\]<\/div><div>Substitute \\( r_1 = 3.0 \\, \\text{m} \\):<\/div><div>\\[<br>4 \\cdot (3.0)^2 = r_2^2<br>\\]<br>\\[<br>4 \\cdot 9.0 = r_2^2<br>\\]<br>\\[<br>36.0 = r_2^2<br>\\]<\/div><div>Take the square root:<\/div><div>\\[<br>r_2 = \\sqrt{36.0} = 6.0 \\, \\text{m}<br>\\]<\/div>","tip":"","notChosenFeedback":"<div>The correct answer is <strong>6.0&nbsp;m<\/strong><\/div><div>&nbsp;<\/div><div>Explanation<\/div><div>This question is a direct application of the \\textbf{inverse-square law} for sound intensity.<\/div><div>&nbsp;<\/div><div>1. Quick Conceptual Method<\/div><div>The inverse-square law states that sound intensity \\( I \\) from a spherical source is inversely proportional to the square of the distance \\( r \\):<\/div><div>\\[<br>I \\propto \\frac{1}{r^2}<br>\\]<\/div><div>If the intensity becomes one-fourth:<\/div><div>\\[<br>I_2 = \\frac{1}{4} I_1<br>\\]<\/div><div>Then the distance must increase by:<\/div><div>\\[<br>\\sqrt{4} = 2<br>\\]<\/div><div>So, double the original distance:<\/div><div>\\[<br>\\text{Original distance} = 3.0 \\, \\text{m}<br>\\]<br>\\[<br>\\text{New distance} = 2 \\times 3.0 \\, \\text{m} = 6.0 \\, \\text{m}<br>\\]<\/div><div>&nbsp;<\/div><div><strong>2. Step-by-Step Mathematical Method<\/strong><\/div><div>Let:<br>- \\( I_1 = 5 \\, \\text{W\/m}^2 \\)<br>- \\( r_1 = 3.0 \\, \\text{m} \\)<br>- \\( I_2 = \\frac{1}{4} I_1 \\)<br>- \\( r_2 = ? \\)<\/div><div>Use the inverse-square law:<\/div><div>\\[<br>I_1 \\cdot r_1^2 = I_2 \\cdot r_2^2<br>\\]<\/div><div>Substitute \\( I_2 = \\frac{1}{4} I_1 \\):<\/div><div>\\[<br>I_1 \\cdot r_1^2 = \\left( \\frac{1}{4} I_1 \\right) \\cdot r_2^2<br>\\]<\/div><div>Cancel \\( I_1 \\) from both sides:<\/div><div>\\[<br>r_1^2 = \\frac{1}{4} r_2^2<br>\\]<\/div><div>Multiply both sides by 4:<\/div><div>\\[<br>4 \\cdot r_1^2 = r_2^2<br>\\]<\/div><div>Substitute \\( r_1 = 3.0 \\, \\text{m} \\):<\/div><div>\\[<br>4 \\cdot (3.0)^2 = r_2^2<br>\\]<br>\\[<br>4 \\cdot 9.0 = r_2^2<br>\\]<br>\\[<br>36.0 = r_2^2<br>\\]<\/div><div>Take the square root:<\/div><div>\\[<br>r_2 = \\sqrt{36.0} = 6.0 \\, \\text{m}<br>\\]<\/div>"},"text":"<div>6.0 m<\/div>"}],"overallFeedback":[{"from":0,"to":100}],"behaviour":{"enableRetry":false,"enableSolutionsButton":true,"enableCheckButton":true,"type":"auto","singlePoint":false,"randomAnswers":true,"showSolutionsRequiresInput":true,"confirmCheckDialog":false,"confirmRetryDialog":false,"autoCheck":false,"passPercentage":100,"showScorePoints":true},"UI":{"checkAnswerButton":"Check","submitAnswerButton":"Submit","showSolutionButton":"Show solution","tryAgainButton":"Retry","tipsLabel":"Show tip","scoreBarLabel":"You got :num out of :total points","tipAvailable":"Tip available","feedbackAvailable":"Feedback available","readFeedback":"Read feedback","wrongAnswer":"Wrong answer","correctAnswer":"Correct answer","shouldCheck":"Should have been checked","shouldNotCheck":"Should not have been checked","noInput":"Please answer before viewing the solution","a11yCheck":"Check the answers. The responses will be marked as correct, incorrect, or unanswered.","a11yShowSolution":"Show the solution. The task will be marked with its correct solution.","a11yRetry":"Retry the task. Reset all responses and start the task over again."},"confirmCheck":{"header":"Finish ?","body":"Are you sure you wish to finish ?","cancelLabel":"Cancel","confirmLabel":"Finish"},"confirmRetry":{"header":"Retry ?","body":"Are you sure you wish to retry ?","cancelLabel":"Cancel","confirmLabel":"Confirm"},"question":"<p><strong>4. A small source emits sound waves which are spherical. The intensity of the sound wave measured at a distance r = 3.0 m from the source is I = 5 W\/m\u00b2. At what distance from the source would the intensity be one-fourth as much as it is at r = 3.0 m?<\/strong><\/p>"},"library":"H5P.MultiChoice 1.16","metadata":{"contentType":"Multiple Choice","license":"U","title":"4"},"subContentId":"6e2ef523-322a-4573-93fb-a315f44253b2"},"useSeparator":"auto"}]},"library":"H5P.Column 1.18","subContentId":"264e08da-5db3-4b69-ae18-b8c12dc4a9b6","metadata":{"contentType":"Column","license":"U","title":"PART I"}}],"behaviour":{"baseColor":"#1768c4","defaultTableOfContents":true,"progressIndicators":true,"progressAuto":true,"displaySummary":true,"enableRetry":true},"read":"Start","displayTOC":"Display &#039;Table of contents&#039;","hideTOC":"Hide &#039;Table of contents&#039;","nextPage":"Next page","previousPage":"Previous page","chapterCompleted":"Page completed!","partCompleted":"@pages of @total completed","incompleteChapter":"Incomplete page","navigateToTop":"Navigate to the top","markAsFinished":"I have finished this page","fullscreen":"Fullscreen","exitFullscreen":"Exit fullscreen","bookProgressSubtext":"@count of @total pages","interactionsProgressSubtext":"@count of @total interactions","submitReport":"Submit Report","restartLabel":"Restart","summaryHeader":"Summary","allInteractions":"All interactions","unansweredInteractions":"Unanswered interactions","scoreText":"@score \/ @maxscore","leftOutOfTotalCompleted":"@left of @max interactions completed","noInteractions":"No interactions","score":"Score","summaryAndSubmit":"Summary &amp; submit","noChapterInteractionBoldText":"You have not interacted with any pages.","noChapterInteractionText":"You have to interact with at least one page before you can see the summary.","yourAnswersAreSubmittedForReview":"Your answers are submitted for review!","bookProgress":"Book progress","interactionsProgress":"Interactions progress","totalScoreLabel":"Total score","a11y":{"progress":"Page @page of @total.","menu":"Toggle navigation menu"}}