{"title":"PHYSICS ENTRANCE EXAM - ESSLCE 2015 E.C","language":"en","mainLibrary":"H5P.InteractiveBook","embedTypes":["div"],"license":"U","defaultLanguage":"en","preloadedDependencies":[{"machineName":"H5P.MultiChoice","majorVersion":"1","minorVersion":"16"},{"machineName":"FontAwesome","majorVersion":"4","minorVersion":"5"},{"machineName":"H5P.JoubelUI","majorVersion":"1","minorVersion":"3"},{"machineName":"H5P.FontIcons","majorVersion":"1","minorVersion":"0"},{"machineName":"H5P.Transition","majorVersion":"1","minorVersion":"0"},{"machineName":"H5P.Question","majorVersion":"1","minorVersion":"5"},{"machineName":"H5P.Column","majorVersion":"1","minorVersion":"18"},{"machineName":"H5P.InteractiveBook","majorVersion":"1","minorVersion":"11"},{"machineName":"H5P.MathDisplay","majorVersion":"1","minorVersion":"0"}]}